sample_id,laser_power_W,scan_speed_mm_s,layer_thickness_um,hatch_spacing_um,energy_density_J_mm3,density,quality_label,power_density,line_energy_J_mm,log_energy_density,laser_power_W_z,scan_speed_mm_s_z,layer_thickness_um_z,hatch_spacing_um_z,energy_density_J_mm3_z,power_density_z,line_energy_J_mm_z,log_energy_density_z
0,288.35,863.33,55.76,104.87,57.1214,0.9998,0,3184.871064761135,0.3339974285615002,4.062533926505568,0.9125315400897459,-0.24734924951263781,1.2402836966322712,0.6361482638999568,-0.5919771556643065,0.11854175481305096,0.6117702841164754,-0.48991491257743813
1,180.96,1112.97,51.11,87.77,36.2442,0.913,2,1852.4778809549746,0.1625919836114181,3.617496228004347,-1.682862597839825,1.1830434917257504,0.7061119144441074,-0.5270958306821477,-1.5387653578406377,-1.3313159218547361,-1.640115638908156,-1.9036685208812043
2,299.08,1179.07,47.85,80.61,65.7694,0.9981,0,3146.7255136743483,0.2536575436572892,4.201244891757813,1.171853442501369,1.5617847198777186,0.33161728865197543,-1.0141617790568764,-0.19978738057852324,0.07703327162199086,-0.4437169317412213,-0.04927105634438838
3,194.51,766.16,53.32,86.16,55.257,0.9982,0,2946.570042801206,0.2538764748877519,4.029930477786406,-1.3553871292771502,-0.8041160443617578,0.9599871055485898,-0.6366176430960183,-0.6765283370553722,-0.14076801218786356,-0.4408406628097824,-0.5934864603925855
4,249.53,635.93,55.07,81.36,87.5732,0.9529,1,4822.836214711733,0.39238595442894664,4.483829328783827,-0.025667551393874406,-1.5503107515059467,1.161019496694673,-0.9631423012243281,0.7890224503668279,1.900910784941376,1.3788655155739937,0.8484164178661106
5,212.24,698.78,46.01,105.98,62.2914,0.999,0,2865.912029431329,0.3037293568791322,4.147749458940729,-0.9268897080508598,-1.1901914445566086,0.12024608881837898,0.7116570910921285,-0.3575158770804144,-0.22853687898364453,0.214115212199273,-0.21921028043175406
6,231.31,955.14,44.91,106.84,50.47,0.9989,0,2266.697137285086,0.24217392214753858,3.940999113664663,-0.466007258937191,0.27870569990691174,-0.006117128473444928,0.7701594256734506,-0.8936204338795678,-0.8805788752284122,-0.5945861508064697,-0.8759951946906199
7,316.04,830.76,52.29,106.8,68.1274,0.9962,0,3562.0107250740853,0.3804227454379123,4.235951178950453,1.5817415566580464,-0.4339695490725416,0.8416651839026092,0.7674383868557143,-0.09285126937913925,0.5289302484847221,1.2216955847765358,0.06098058956035962
8,240.18,706.6,55.62,80.08,76.3089,0.9993,0,4244.623194524129,0.3399094254174922,4.347809084800166,-0.2516377086677497,-1.1453842372321243,1.2242011053405846,-1.0502155433918774,0.27818257022126947,1.271722196874998,0.6894407601089466,0.4163201901041118
9,244.47,1119.04,50.03,99.29,43.9775,0.9962,0,2200.26226816632,0.21846404060623392,3.8061623647286376,-0.14795728356561882,1.2178235107103559,0.5820462101939534,0.2565633488257967,-1.1880575424300357,-0.9528706777991127,-0.9060812056747364,-1.3043318074814845
10,227.79,900.15,32.58,77.32,100.4625,0.9959,0,3272.8637311956886,0.2530578236960507,4.619689272087294,-0.5510783769697091,-0.036377206841602054,-1.4225339186627055,-1.2379672218156559,1.3735566395450411,0.2142919015949227,-0.45159591679250266,1.2800034176103463
11,209.95,732.81,32.36,101.14,87.5536,0.9962,0,2832.7062616208927,0.2864999113003371,4.483608018399627,-0.9822342706345154,-0.9952056050102928,-1.44780656212107,0.38241139414608244,0.7881335836240342,-0.26467008497324596,-0.012241342411386972,0.8477133799992704
12,272.96,981.37,45.62,98.31,62.0167,0.9717,1,2829.231831830377,0.2781417813872443,4.143399770629284,0.5405870780100718,0.42899892856691396,0.07544458450582323,0.18989789779126648,-0.36997361658273464,-0.2684508223449522,-0.12204856061023717,-0.23302795827345432
13,290.22,609.38,53.09,97.46,92.0311,0.9957,0,4886.666876757535,0.4762545538087893,4.532933845853313,0.9577255715445211,-1.702437523176669,0.9335657055693907,0.1320758229143777,0.99118974897401,1.9703687921562765,2.4807121831770083,1.0044069966975098
14,211.86,691.95,53.6,74.34,76.8371,0.9993,0,4118.619747994359,0.3061781920659007,4.354618181274173,-0.9360735219293702,-1.2293261281916756,0.9921522881319632,-1.440684613736981,0.3021366219326843,1.1346102193760474,0.2462874543733608,0.4379506828507606
15,201.45,981.03,30.74,77.97,85.6603,0.9974,0,2633.646303466408,0.2053454022812758,4.461995878110526,-1.1876616863380385,0.4270507891180232,-1.6339051184963016,-1.193750341027447,0.7022717772907882,-0.4812792750795769,-1.0784309054280201,0.779057979749396
16,247.56,1100.99,44.38,119.99,42.2235,0.998,0,1873.9243144753812,0.22485217849390093,3.7663843288272556,-0.07327837597457326,1.1144002252618987,-0.06700122407768659,1.6647009370041324,-1.2676020458412827,-1.3079787593304715,-0.8221552966246065,-1.430694904307227
17,219.21,828.95,34.41,72.02,106.7197,0.996,0,3671.7990838977703,0.26444297002231737,4.679532482941377,-0.7584392271739708,-0.44434052672692953,-1.2123114753499442,-1.5985048651656646,1.6573228121475805,0.6483976075075035,-0.3020204423893292,1.4701076617280164
18,307.98,1146.51,43.28,115.77,53.6114,0.9612,1,2320.3240116180837,0.2686239108250255,4.0002426521658,1.386948030708588,1.3752217185369005,-0.1933644413695105,1.3776313417329933,-0.7511568631748405,-0.8222242270867214,-0.24709218884779396,-0.6877959329050817
19,238.73,870.49,58.55,114.68,40.8456,0.9964,0,2391.4181847305426,0.2742478374248986,3.7339866540127007,-0.28668120899364524,-0.20632372464776513,1.5607867659451695,1.3034830339496903,-1.3300902848665719,-0.7448623538001923,-0.17320631465012054,-1.5336127690723473
20,204.74,1161.72,58.66,75.41,39.838,0.9438,2,2337.0730748849674,0.17623868057707537,3.709613020500843,-1.108149192495145,1.462372309765213,1.5734230876743518,-1.3678968253625456,-1.3757852915012196,-0.8039985574798596,-1.4608284243059817,-1.6110406194340354
21,292.77,652.85,51.3,79.18,110.3991,0.998,0,5663.666427864239,0.44844910775829055,4.713119248465935,1.019353796255577,-1.453362164814096,0.7279382883399677,-1.1114389167909349,1.8241848679351187,2.8158690376028725,2.1154105291789453,1.5768029172344804
22,190.32,952.98,32.3,114.24,54.1194,0.999,0,1748.1651100281454,0.1997103821696153,4.009501741305083,-1.4566507612533575,0.2663292845845481,-1.4546991012460788,1.2735516069545945,-0.7281188884126324,-1.4448249622347822,-1.152462523671562,-0.6583825355134616
23,253.77,871.05,46.39,99.32,63.2277,0.9569,1,2933.327026743801,0.29133804029619426,4.162434581816469,0.07680447714529501,-0.20311502437900444,0.1638988366101002,0.25860412793909776,-0.3150543499743994,-0.15517853959555752,0.05132090079927038,-0.17255997299964235
24,261.7,791.43,49.32,84.75,79.1078,0.9962,0,3901.6787393954796,0.3306672731637669,4.383373227610511,0.26845617203105193,-0.6593234447339175,0.5004844972146852,-0.7325342614212091,0.40511364809911404,0.8985435758927548,0.5680194565752373,0.5292969904823329
25,210.49,1045.84,47.49,116.02,36.5296,0.9608,1,1734.7358704300507,0.20126405568729444,3.6251299549499767,-0.9691835877545264,0.7984005470080242,0.2902620539019241,1.3946378343438428,-1.5258223696573026,-1.4594381307497162,-1.1320507128072297,-1.8794184201581976
26,238.58,1196.17,32.55,106.47,57.5502,0.9533,1,1873.3282142586581,0.19945325497211935,4.0698845059217525,-0.2903063986825304,1.6597646745131,-1.4259801882252099,0.7449898166093931,-0.5725309281484899,-1.3086274120598484,-1.1558406025688606,-0.4665642881073065
27,279.91,869.65,37.33,84.05,102.5842,0.9757,1,3829.448163604763,0.3218651181509803,4.640384808542094,0.7085542002617771,-0.21113677505090683,-0.8768745712661938,-0.7801524407315878,1.4697764644524764,0.8199451140624815,0.45237873716082583,1.3457470376166745
28,243.59,750.52,38.79,70.09,119.3626,0.9549,1,4630.641136607644,0.3245616372648297,4.790508853389611,-0.16922506307374816,-0.8937304590107257,-0.7091561192243185,-1.729794988121422,2.230682676559242,1.6917716863676637,0.48780499468381644,1.8226468841040657
29,232.12,1158.05,52.35,99.61,38.4384,0.9233,2,2012.251736697346,0.20044039549242262,3.6747399609602147,-0.4464312346172082,1.441343863361011,0.848557723027618,0.27833165936768356,-1.4392576329917448,-1.1574563178772141,-1.1428717739393761,-1.7218220519378253
30,230.43,1180.5,56.1,80.99,42.962,0.9954,0,2410.1364420882433,0.19519695044472682,3.7833256244058817,-0.4872750384453204,1.5699783652068766,1.2793414183406535,-0.9883119102883856,-1.2341108167824422,-0.7244938849024606,-1.211758967660078,-1.3768774011287686
31,242.53,1141.17,55.76,81.48,46.7721,0.9992,0,2608.3393926435097,0.2125274937125932,3.8664417870803858,-0.19484307020854053,1.3446244695455014,1.2402836966322712,-0.95497918477112,-1.0613214710314776,-0.5088172566418304,-0.9840742145027722,-1.1128418479943403
32,277.29,971.08,50.6,89.54,63.0229,0.996,0,3189.0557247516886,0.28554804959426616,4.159240831860045,0.6452342203625734,0.37003906112843066,0.6475253318815348,-0.4066898629973328,-0.32434210042971484,0.12309533665757584,-0.02474668596795578,-0.18270557536123985
33,189.19,611.41,51.16,71.0,85.1763,0.9958,0,4358.201349869881,0.30943229584076154,4.456395197870808,-1.4839605235762963,-1.6908059847024106,0.7118556970482809,-1.6678913550179302,0.6803222107850617,1.3953134629000887,0.28903913291428773,0.7612662692392038
34,214.65,865.64,35.4,103.99,67.3509,0.9978,0,2384.525648962125,0.24796682223557137,4.224654730603384,-0.8686449937160963,-0.23411336090399898,-1.0985845797873026,0.5762854099097661,-0.1280658115107431,-0.7523625391936664,-0.5184803411833959,0.025095102408440397
35,293.65,737.73,38.7,115.69,88.9082,0.9777,1,3440.6202381088005,0.3980453553468071,4.498789149776258,1.0406215757637063,-0.9670148812204635,-0.719494927911831,1.3721892640975215,0.8495651596336548,0.3968379115228245,1.4532174433286462,0.8959393602569572
36,183.04,910.07,46.32,72.78,59.66,0.9998,0,2763.4980187618507,0.20112738580548747,4.105284502260435,-1.6325933008206104,0.02046262649073618,0.15585754096425683,-1.5468051276286818,-0.4768507723348931,-0.33997976339056557,-1.1338462507671363,-0.35410893269292626
37,186.6,850.01,55.52,115.02,34.379,0.9092,2,1908.5970187456817,0.21952682909612828,3.5661184237759427,-1.546555465537723,-0.323670477333882,1.2127135401322375,1.326611863900445,-1.6233528195069193,-1.2702492909812544,-0.8921185311503496,-2.0668806630418572
38,199.27,671.11,46.13,78.65,81.8394,0.9972,0,3775.2827500071216,0.2969259882880601,4.416903793623317,-1.240347776483177,-1.3487356167648532,0.13403116706839663,-1.1474926811259358,0.528992647824406,0.7610044487476917,0.12473409619187355,0.6358137167028698
39,266.62,1147.7,56.16,100.61,41.1162,0.9994,0,2308.996068479963,0.2323080944497691,3.7404324647722964,0.3873623938265034,1.382040206608018,1.2862339574656616,0.3463576298110815,-1.317818481774734,-0.8345508477263912,-0.7242011611001257,-1.5131363279741856
40,198.05,1175.95,39.89,92.74,45.5229,0.9991,0,1816.012772626224,0.16841702453335602,3.8399446644865027,-1.2698326526194472,1.5439076755231935,-0.5827929019324947,-0.1890067575784603,-1.1179731207813806,-1.3709958135590252,-1.5635875702871473,-1.1970153973429167
41,198.85,920.16,36.1,116.3,51.4712,0.9993,0,1858.1575330351163,0.216103721091984,3.9602644476486506,-1.2504983076120573,0.07827652954751883,-1.0181716233288691,1.4136851060679942,-0.8482156694466483,-1.3251355486216096,-0.9370905489865994,-0.8147949064301757
42,260.03,1196.68,33.7,116.05,55.566,0.9975,0,1872.4070963703296,0.21729284353377676,4.035408097998791,0.22809572682812407,1.662686883686436,-1.2938731883292116,1.3966786134571447,-0.6625150807531626,-1.3096297361918996,-0.921468127608996,-0.5760856753214416
43,223.14,1069.46,46.02,95.42,47.5134,0.9965,0,2186.6207790795975,0.2086473547397752,3.881840048442548,-0.663459257325166,0.9337389404868374,0.12139484533921432,-0.00669715679015347,-1.0277032610093813,-0.9677148078306591,-1.0350506017162167,-1.0639261097643535
44,318.62,676.51,48.92,117.85,81.6906,0.995,0,3996.4025353186726,0.47097603878730543,4.415105931724198,1.6440948193068803,-1.3177945784589435,0.454534236381295,1.5191253602552608,0.5222445166342161,1.0016182721247149,2.411364248081859,0.6301024393084573
45,276.58,787.73,41.98,75.52,110.7408,0.9956,0,4649.234003649621,0.3511101519556193,4.716181903482732,0.6280749891685136,-0.6805237857953736,-0.34270278907803,-1.360413968613772,1.8396810804867847,1.712003710472641,0.8365933690952152,1.5865320696086915
46,192.88,904.35,32.45,110.69,59.3701,0.9892,1,1926.8249754977403,0.21328025653784485,4.100493949258843,-1.3947808572297082,-0.01231195482589425,-1.4374677534335567,1.0320594118805322,-0.4899978370663185,-1.2504143478517453,-0.9741845869588274,-0.369327107725243
47,200.79,997.15,38.62,96.53,54.01,0.9728,1,2086.0239001157443,0.2013638870781728,4.007514986887367,-1.2036125209691355,0.5194155182830721,-0.7286849800785097,0.06881167040201816,-0.7330802160484309,-1.0771803612327857,-1.1307391505995041,-0.6646938687697659
48,180.53,943.11,39.08,97.56,50.2078,0.9967,0,1962.0733578374159,0.19141987679061828,3.9358918641923313,-1.6932548082812975,0.2097759423476353,-0.6758421801201105,0.13887841995871808,-0.9055112940816367,-1.2120584493478883,-1.261381306054236,-0.8922194210748863
49,223.8,773.97,36.78,108.85,72.2159,0.9978,0,2656.4859395065805,0.2891584945152913,4.293412610494667,-0.6475084226940683,-0.7593661352563583,-0.9400561799121053,0.9068916262646798,0.09256361214702039,-0.4564260845592328,0.02268652186205245,0.24351862275960834
50,276.86,642.91,46.43,116.26,79.7748,0.998,0,3704.0745164856244,0.4306357032866187,4.391665035693879,0.6348420099211008,-1.510316594584604,0.16849386269343916,1.410964067250259,0.4353623275605176,0.6835184594257026,1.8813820548642348,0.5556376210327395
51,261.36,1034.39,45.15,106.99,52.3074,0.9988,0,2361.6287142303036,0.25267065613550016,3.9760751583078493,0.26023907540291163,0.7327940861556798,0.021453028026589573,0.7803633212399598,-0.8102937117770448,-0.7772780798888389,-0.4566824365335144,-0.7645689383390082
52,202.94,904.76,46.12,75.34,64.5427,0.979,1,2977.204373229499,0.22430257747911048,4.182701838638179,-1.1516514687617736,-0.009962727843408696,0.13288241054756128,-1.372658643293583,-0.2554186475879744,-0.1074329428698415,-0.8293758303062939,-0.10817687116667886
53,183.96,661.12,46.79,84.37,70.4787,0.9983,0,3298.0334512813556,0.27825508228460794,4.2693995032204155,-1.6103588040621108,-1.4059765376307862,0.2098490974434905,-0.7583841301897001,0.013780994515310965,0.24168059761146785,-0.12056003907631811,0.16723605800185967
54,295.4,945.53,53.79,80.49,72.1546,0.9864,1,3881.4433393293757,0.31241737438262135,4.292575009972924,1.0829154554673728,0.2236421113662094,1.0139786620278235,-1.0223248955100845,0.08978363605858843,0.876524212177252,0.3282564188616195,0.24085781275650178
55,287.22,727.38,48.16,84.75,96.7572,0.9975,0,4659.224268845124,0.3948692567846243,4.582486853441913,0.885221777766807,-1.0263185379734572,0.3672287407978525,-0.7325342614212091,1.205520009847382,1.7228747227696801,1.411490579608529,1.1618222977306996
56,204.24,993.92,30.21,118.14,57.5821,0.9965,0,1739.3717233997538,0.20548937540244688,4.0704291891694755,-1.120233158124764,0.5009081935186113,-1.6947892141005436,1.5388528916838466,-0.5710842521742489,-1.4543935785126452,-1.0765394191630795,-0.4648339899562864
57,189.79,648.06,39.97,98.65,74.2716,0.9984,0,2968.6638208225327,0.2928586859241428,4.321102905629339,-1.4694597648207537,-1.48080801175582,-0.5736028497658168,0.213026727742022,0.18579031434913013,-0.1167264349266317,0.07129879872709635,0.3314825296229532
58,183.79,1193.95,30.5,101.12,49.9021,0.9997,0,1522.2944952956384,0.15393441936429497,3.929904180072802,-1.6144673523761819,1.6470444698762259,-1.6614752749963355,0.3810508747372147,-0.9193748942485799,-1.6906084506853205,-1.7538567575841446,-0.9112405288549149
59,254.86,1084.59,49.35,77.8,61.213,0.9964,0,3020.344531646435,0.2349828045620926,4.130563981122439,0.10314752221786452,1.0204311459624689,0.5039307667771896,-1.2053147560028248,-0.4064216880716851,-0.06048952510573637,-0.6890614253007931,-0.27380347862115534
60,210.95,954.81,31.09,78.31,90.7387,0.999,0,2821.274521939379,0.22093400781307276,4.518944318586827,-0.9580663393752774,0.2768148586771059,-1.5936986402670847,-1.1706215110766913,0.932578964362439,-0.27710965291486755,-0.8736313358060593,0.9599663915126818
61,238.96,856.32,38.32,80.19,90.8228,0.9971,0,3479.9171847281245,0.27905455904334825,4.519860632801785,-0.2811225848040201,-0.28751530109123535,-0.7631476757035522,-1.0427326866431037,0.9363929282945292,0.4395992978899285,-0.11005669445201532,0.9628772517209263
62,317.81,1040.72,54.63,70.13,79.701,0.9978,0,4354.415013739076,0.3053751249135214,4.390750966772858,1.6245187949868973,0.7690638588364956,1.1104742097779439,-1.7270739493036866,0.43201547217183434,1.3911933213589787,0.2357369399704315,0.5527338934616068
63,288.6,679.3,41.56,101.17,101.0383,0.9796,1,4199.358598174362,0.42484910937730025,4.6253482330015485,0.9185735229045554,-1.3018083753342238,-0.39095056295308933,0.3844521732593844,1.399669367631812,1.2224670495981969,1.8053590943891507,1.2979802686472819
64,290.17,723.54,59.68,100.99,66.5355,0.9765,1,3971.107026150266,0.4010420985709153,4.212653385553841,0.956517174981559,-1.0483210541021042,1.690596252799498,0.37220749857957236,-0.16504448202472857,0.9740926973928868,1.4925879772300283,-0.013029633822739417
65,268.22,884.41,32.82,105.9,87.2679,0.9974,0,2863.7925408977435,0.30327563008107106,4.480376508106792,0.42603108384128474,-0.12656460368142036,-1.394963762162671,0.7062150134566567,0.7751769903374928,-0.23084322275542046,0.20815425226739612,0.8374478241774779
66,190.62,825.21,47.5,90.77,53.5742,0.9775,1,2544.846827555856,0.23099574653724506,3.9995612436020442,-1.4494003818755858,-0.46577006066472626,0.2914108104227586,-0.32301791935195406,-0.7528438959723883,-0.5779073600906453,-0.7414424908092508,-0.6899605670899668
67,262.81,768.47,32.55,96.41,108.9954,0.9986,0,3547.258887312553,0.3419912293258032,4.700438546736193,0.29528257572880645,-0.7908801557531182,-1.4259801882252099,0.0606485539488101,1.7605265900341112,0.5128778808477025,0.7167910284565393,1.5365200650477537
68,188.9,891.1,32.18,109.86,59.9637,0.9984,0,1929.593909045297,0.2119851868477163,4.110278605074549,-1.490969223641475,-0.08823209511354305,-1.4684841794960957,0.975597856412512,-0.46307787285598995,-1.2474013036476013,-0.9911989192945688,-0.33824413989566227
69,253.23,803.89,47.19,70.18,95.1077,0.9981,0,4488.540672178455,0.3150057843734839,4.565469437636348,0.06375379426530597,-0.5879298637539848,0.2557993582768808,-1.723672650781516,1.1307146173862348,1.5371435692962614,0.362262363206837,1.1077629830251223
70,185.46,1036.76,50.46,84.82,41.793,0.9953,0,2108.9862793214484,0.17888421621204523,3.756374537809893,-1.5741069071732539,0.7463737640788284,0.6314427405898481,-0.7277724434901718,-1.2871253689419337,-1.0521936064440505,-1.4260719761839071,-1.462493060321473
71,216.76,1079.19,40.28,113.91,43.7805,0.9733,1,1763.2722716359426,0.20085434446205022,3.801772776807246,-0.8176506587591045,0.9894901076565599,-0.5379913976199389,1.2511030367082734,-1.1969915602019943,-1.428385945211927,-1.137433406110242,-1.318276234624924
72,276.64,734.76,38.78,85.13,114.0384,0.9984,0,4422.693438593437,0.3765038924274593,4.745265985670175,0.6295250650440678,-0.9840324522887139,-0.7103048757451531,-0.7066843926527182,1.9892283749274509,1.4654912085210028,1.170210581302977,1.6789236271670174
73,287.84,887.64,50.94,80.58,78.9997,0.9955,0,4024.2691390935165,0.3242756072281555,4.38202288466685,0.9002058951475334,-0.10805727891695946,0.6865830535899162,-1.0162025581701786,0.40021127591054206,1.0319416105331278,0.48404719683009917,0.5250073489183107
74,224.19,841.69,49.63,109.84,48.8613,0.9988,0,2424.954226893268,0.26635697228195654,3.9092451507599293,-0.6380829295029659,-0.37134259561261657,0.5360959493605632,0.9742373370036443,-0.9665755323046948,-0.7083697562954641,-0.2768747141052948,-0.9768681764305888
75,260.66,1153.91,54.11,79.72,52.3719,0.9954,0,2833.5779469374797,0.22589283392985587,3.977284390236809,0.2433215235214453,1.4176224006598142,1.0507388706945358,-1.0747048927515006,-0.8073686145877488,-0.2637215514147944,-0.8084834011511082,-0.7607275648809833
76,300.86,1192.67,42.99,97.31,60.3019,0.9958,0,2592.308496615416,0.25225753980564614,4.115810837567864,1.2148723601428133,1.6397102978333438,-0.2266783804737185,0.12187192734786859,-0.4477403865083937,-0.5262614450035565,-0.46210986532984466,-0.3206698677031284
77,267.1,689.68,52.67,74.33,98.9243,0.9968,0,5210.29272005807,0.3872810578819163,4.60441289931891,0.39896300083093805,-1.2423328239239753,0.8853179316943305,-1.4413648734414153,1.3037987403733304,2.322525662200449,1.3117985406823705,1.2314748835202454
78,260.6,620.86,51.66,119.11,68.211,0.9968,0,3523.9724636521246,0.4197403601456045,4.2371598095284675,0.24187144764589094,-1.6366591676670683,0.769293523090019,1.6048380830139426,-0.0890599806190591,0.48753851367249335,1.7382415037987882,0.06482005270366002
79,189.19,1178.73,53.11,93.98,32.155,0.8883,2,1707.844791462546,0.16050325350165007,3.501193534820831,-1.4839605235762963,1.5598365804288283,0.9358632186110597,-0.10465455422864628,-1.724211984607611,-1.4886999415641042,-1.6675569021221348,-2.273127900833463
80,285.2,898.83,47.02,72.98,92.4534,0.9964,0,4347.785430032581,0.3173013806837778,4.537462916332286,0.8364025566231453,-0.04394057176082406,0.23627049742269046,-1.5331999335400022,1.0103411992536966,1.3839792700212825,0.39242138772092694,1.0187945188186125
81,266.01,935.04,58.29,70.92,68.8216,0.9951,0,4011.4284134247337,0.2844905030800821,4.245943417484215,0.37261995575836787,0.1635362795460255,1.530919096403466,-1.673333432653402,-0.06136906056038875,1.0179688396490205,-0.038640492602443836,0.09272298650720906
82,215.06,715.76,56.6,81.23,65.3485,0.9501,1,3698.9270297773496,0.30046384262881415,4.194921153137587,-0.8587361418998087,-1.092899068550248,1.3367792443823916,-0.9719856773819695,-0.21887534037658143,0.677917167547116,0.1712136254155559,-0.06935971023241491
83,259.98,753.89,53.96,99.8,64.0372,0.9985,0,3455.424558012549,0.34485137088965234,4.1749594138823545,0.22688733026516328,-0.8744209591790747,1.0335075228820145,0.291256593751929,-0.27834324649013237,0.41294738815567544,0.7543669206772631,-0.13277227279766554
84,273.77,833.23,36.75,106.1,84.2651,0.9965,0,3096.7459192084025,0.32856474202801145,4.445765226578358,0.5601631023300546,-0.41981688895854197,-0.9435024494746098,0.7198202075453356,0.6389989773139513,0.02264744948336862,0.5403968786069149,0.7274979832681978
85,272.58,1138.6,53.54,104.02,42.988,0.9977,0,2301.473392154281,0.2393992622518883,3.783916869448688,0.5314032641315615,1.3298988272406507,0.9852597490069543,0.5783261890230681,-1.2329317078379198,-0.8427367272043395,-0.6310390042267069,-1.3749991898772849
86,300.34,619.01,44.59,119.67,90.9182,0.9966,0,4054.433861927482,0.4851941002568617,4.520899051103335,1.2023050358880085,-1.647259338197797,-0.042877337140156506,1.6429326264622455,0.9407193511140463,1.0647656714011424,2.598157920157545,0.9661760006262197
87,303.23,737.54,56.01,108.02,67.9551,0.9982,0,3806.119450812022,0.4111370230767145,4.233455568146408,1.2721503572272075,-0.9681035473830791,1.2690026096531404,0.8504300707966597,-0.10066513365380132,0.7945597295225271,1.6252128095113252,0.05305276953292906
88,201.69,689.38,34.44,116.2,73.1181,0.9518,1,2517.7903126204496,0.2925672343264963,4.305659766981746,-1.181861382835821,-1.2440517704965255,-1.2088652057874398,1.406882509023655,0.13347869252194997,-0.6073491917959948,0.06746977363297275,0.282424229483217
89,288.72,867.51,58.42,113.18,50.3341,0.9979,0,2940.5779053225947,0.33281460732441126,3.9383552486989277,0.9214736746556641,-0.2233985939351006,1.545852931174318,1.2014440782845934,-0.8997835456318987,-0.14728841969865225,0.5962306465394374,-0.8843939744968348
90,229.12,1060.67,58.18,110.03,33.7442,0.9219,2,1963.2319002878082,0.21601440598866753,3.548012651605545,-0.5189350283949222,0.8833738059111067,1.5182827746742837,0.9871622713878897,-1.6521412178908759,-1.210797769177904,-0.9382639505896256,-2.1243973651622174
91,182.14,699.46,42.86,84.26,72.0963,0.9984,0,3090.4448217348827,0.2604008806793812,4.291777749879645,-1.6543444389539246,-1.1862951656588272,-0.24161221524457066,-0.7658669869384738,0.08713971100221675,0.01579084389993465,-0.3551244968936458,0.2383251524056473
92,290.09,1189.61,35.58,114.63,59.7908,0.9978,0,2127.3054825332106,0.24385302746278192,4.107438461733259,0.9545837404808188,1.6221770427933273,-1.077906962412277,1.3000817354275196,-0.47091894733706463,-1.0322593725183427,-0.5725264453882812,-0.3472664382545899
93,230.18,1042.09,47.65,108.94,42.5492,0.9968,0,2027.5659366195505,0.22088303313533383,3.7738913334397757,-0.4933170212601299,0.7769137148511425,0.3086421582352799,0.9130139636045859,-1.2528314387939377,-1.1407920099318625,-0.8743010295795823,-1.406847363089381
94,318.72,814.97,34.19,116.37,98.2875,0.9951,0,3360.676121978284,0.39108188031461283,4.598019681959251,1.6465116124328045,-0.5244434370077847,-1.237584118808309,1.4184469239990327,1.2749196413013335,0.3098458795273252,1.3617328851519883,1.211165516153553
95,248.14,1062.78,38.14,74.46,82.2208,0.9982,0,3135.670158979817,0.23348200003763714,4.4214973165823706,-0.0592609758442156,0.8954637301380449,-0.7838252930785778,-1.4325214972837739,0.5462892690336704,0.06500327096830757,-0.7087786553037092,0.6504059853579948
96,278.51,897.09,47.16,92.94,70.832,0.9958,0,3340.4279556573956,0.3104593741987983,4.274330059218507,0.6747190964988431,-0.05391046188161724,0.2523530887143764,-0.17540156348978053,0.02980327105761015,0.2878126240772156,0.3025326558124655,0.18289898129290094
97,270.31,1109.26,30.83,94.72,83.4382,0.9986,0,2572.687702441998,0.24368497917530607,4.436019905841495,0.4765420601730916,1.1617858524452085,-1.6235663098087887,-0.05431533610053219,0.6014987778437341,-0.5476120188434681,-0.5747342257365979,0.696539971391415
98,224.89,825.56,41.63,85.72,76.3438,0.9951,0,3177.893507294937,0.27240903144532197,4.348260418667501,-0.6211653776214995,-0.4637646229967512,-0.38290926730724595,-0.6665490700911133,0.27976529722757115,0.11094905216362819,-0.19736413123399896,0.41775394478521904
99,275.08,1172.75,54.26,85.86,50.3472,0.9984,0,2731.8867383275474,0.23455979535280322,3.938610407137145,0.5918230922796565,1.5255722454159877,1.067970218507057,-0.6570254342290375,-0.8991894561252354,-0.3743779111475573,-0.6946188245070201,-0.8835834113379524
100,204.33,743.8,36.74,93.19,80.2355,0.9627,1,2947.858609315349,0.2747109438020974,4.39735234374523,-1.1180580443114325,-0.9322348622358579,-0.9446512059954443,-0.15839507087893104,0.4562552310505756,-0.1393658449634033,-0.16712212793142825,0.5737045225698713
101,318.46,626.84,43.86,87.04,133.0712,0.9845,1,5836.860400627611,0.5080403292706273,4.898371002121635,1.6402279503054016,-1.6023948326542274,-0.12673656316109455,-0.5767547891058276,2.8523724025931187,3.0043318832669774,2.8983065036828717,2.16529314189941
102,288.7,1029.56,47.43,116.31,50.8297,0.9986,0,2410.8937269393673,0.2804110493803178,3.947963344031285,0.9209903160304784,0.7051190463376151,0.2833695147769153,1.4143653657724287,-0.8773079151355393,-0.7236698374154493,-0.0922354315660535,-0.853871887287611
103,180.9,941.85,30.45,88.79,71.0296,0.9963,0,2163.180546958587,0.19206880076445293,4.277077145644148,-1.6843126737153793,0.2025563667429231,-1.6672190576005095,-0.4577093408298812,0.03876449903598134,-0.9932215433022705,-1.2528558898271318,0.19162566525619343
104,183.79,680.32,42.24,90.79,70.4487,0.9988,0,2975.573094827601,0.2701522812793979,4.2689797096687165,-1.6144673523761819,-1.2959639569875514,-0.3128351195363256,-0.3216573999430854,0.012420484194708058,-0.10920803564464711,-0.22701280389960735,0.16590249760808679
105,182.6,848.12,38.18,78.19,72.121,0.9966,0,2753.5454883935286,0.21529972173748996,4.292115603201173,-1.643227190574675,-0.33449984074095035,-0.7792302669952389,-1.1787846275298994,0.08825986449951291,-0.3508097141379573,-0.9476533104498266,0.23939841283728353
106,238.54,1022.89,40.99,102.16,55.6931,0.9993,0,2282.7134502820113,0.23320200608081024,4.037652510206804,-0.2912731159329004,0.6669011342079084,-0.45642968464067074,0.451797883998348,-0.6567510520282085,-0.8631505555456505,-0.7124571525071912,-0.5689558392012964
107,304.02,696.02,59.37,113.7,64.7134,0.9997,0,3841.6692450911432,0.436797793166863,4.185302862076125,1.2912430229220047,-1.2060057530240735,1.65498480065362,1.2368175829151602,-0.24767734386374426,0.8332436126029759,1.9623381963787347,-0.09991418626815698
108,286.83,933.6,32.11,111.11,86.1032,0.9958,0,2765.098345070854,0.3072300771208226,4.467093622563605,0.8757962845757031,0.15528533599778327,-1.476525475141939,1.0606303194667595,0.722357444657288,-0.338238351461653,0.26010688203803345,0.7952520114887818
109,255.91,753.15,42.0,89.62,90.2701,0.9976,0,3791.4107471820025,0.33978623116245105,4.5138232421784545,0.12852385004006403,-0.878661027391366,-0.34040527603636006,-0.40124778536186106,0.9113277931546226,0.7785542987450325,0.6878222618820936,0.9436982410276357
110,319.13,992.2,48.75,105.79,62.3694,0.954,1,3040.351474652873,0.3216387825035275,4.148981095087982,1.6564204642490914,0.49105289983598865,0.43500537552710383,0.698732156707883,-0.3539785502468471,-0.038718759345980486,0.44940519067561346,-0.21529773537509905
111,198.73,1122.29,44.26,87.46,45.7428,0.9513,1,2024.6449114833663,0.1770754439583352,3.844660233178644,-1.253398459363166,1.2364454319129867,-0.08078630232770426,-0.5481838815196013,-1.1080005801313615,-1.1439705542001077,-1.449835216478131,-1.1820354253626308
112,207.24,878.58,57.72,100.07,40.8326,0.9981,0,2357.1562461764033,0.23588062555487263,3.7336759398696007,-1.04772936434705,-0.15996946540798543,1.4654399747158846,0.30962360577164616,-1.330679839338833,-0.782144843108893,-0.6772660563985617,-1.5345998163324739
113,316.8,737.37,56.35,81.23,93.8635,0.9956,0,5289.117989839454,0.42963505431465887,4.552439016247799,1.6001091844150672,-0.9690776171075242,1.3080603313615227,-0.9719856773819695,1.0742897193564327,2.408300209756657,1.868235755255715,1.0663691745504262
114,246.27,679.92,59.12,71.87,85.25,0.9989,0,5039.715833943616,0.36220437698552777,4.457250055911469,-0.10445500729899011,-1.2982558857509527,1.626265887632751,-1.6087087607321737,0.6836645311393428,2.1369106269383753,0.9823467853825106,0.7639819012938416
115,249.35,860.84,40.31,111.77,64.2865,0.9974,0,2591.5624745611667,0.2896589377817016,4.178785276777412,-0.030017779020537413,-0.26161650606480735,-0.5345451280574345,1.1055274599594018,-0.26703740572592244,-0.5270732367595208,0.029261232176710276,-0.12061863392397286
116,314.3,1131.25,56.28,86.29,57.2174,0.9951,0,3219.773486425385,0.27783425414364643,4.064184279127209,1.5396893562669722,1.287784636213163,1.3000190357156791,-0.6277742669383759,-0.5876235226383776,0.15652119256404023,-0.1260887839007303,-0.4846722286841948
117,275.62,823.51,45.62,110.98,66.1044,0.9502,1,3015.7624587923397,0.33468931767677385,4.206249615598262,0.6048737751596455,-0.4755107579091796,0.07544458450582323,1.051786943309118,-0.18459501533179162,-0.06547555594355817,0.6208601666428583,-0.03337252367664743
118,297.23,684.3,58.8,82.37,89.6728,0.9966,0,5273.2339017472505,0.434356276486921,4.507257422398752,1.1271427696717793,-1.2731592657917148,1.5895056789660387,-0.8944360710764958,0.8842400326714196,2.391015771996655,1.930262103090144,0.9228405666411998
119,234.98,1111.63,58.98,102.22,35.0616,0.8991,2,2067.924907125504,0.211383284006369,3.5852285872844516,-0.3773109512157878,1.1753655303683586,1.6101832963410643,0.455879442224952,-1.5923966746788023,-1.0968749710865344,-0.999106582530432,-2.00617330565075
120,270.63,678.35,55.88,72.46,98.5177,0.9681,1,5505.842432648542,0.3989533426697133,4.600335517791332,0.4842757981760476,-1.3072517061473001,1.254068774882289,-1.5685734381705696,1.28535929049476,2.6441311948947637,1.4651463751740306,1.2185222440776593
121,216.58,740.82,31.45,78.11,119.0166,0.9986,0,3742.8206166449218,0.2923517183661348,4.787630066548206,-0.8220008863857667,-0.9493097315231928,-1.5523434055170333,-1.1842267051653712,2.2149914575282885,0.7256804364154235,0.0646383737467764,1.8135018267341383
122,256.13,817.43,52.75,118.61,50.0826,0.9986,0,2641.7308698220536,0.31333569846959375,3.933443930417109,0.13384079491709636,-0.5103480751128707,0.8945079838610084,1.5708250977922436,-0.9111891571529526,-0.4724819690472997,0.3403211527726679,-0.899995785232943
123,268.55,1134.61,44.62,109.93,48.2567,0.997,0,2153.0906837467423,0.23668925886427938,3.8970453989745506,0.4340065011568329,1.3070368378257284,-0.039431067577652905,0.9803596743435503,-0.9939943502992443,-1.0042009342298281,-0.6666424150849956,-1.0156231923878316
124,250.22,930.0,41.73,78.46,82.1688,0.9997,0,3429.1838317723714,0.26905376344086024,4.42087227749708,-0.008991678825000227,0.13465797712717667,-0.371421702098899,-1.1604176155101824,0.5439310511446257,0.384393265511504,-0.24144488251598267,0.6484204203931911
125,207.88,1165.92,30.15,89.57,66.0231,0.9981,0,1990.5880004674148,0.17829696720186633,4.205037336088741,-1.0322618883411379,1.4864375617809207,-1.7016817532255524,-0.40464908388403176,-0.1882819983006253,-1.1810299406336342,-1.4337871207040658,-0.037223578399943946
126,253.4,1056.61,37.89,115.2,54.945,0.9969,0,2081.801968349512,0.2398235867538638,4.024369065259685,0.06786234257937683,0.8601107289625884,-0.8125442060994469,1.3388565385802569,-0.6906776443896417,-1.081774500752588,-0.625464325003002,-0.6111534289514221
127,258.89,1140.33,52.53,85.56,50.5132,0.9549,1,2653.46858104406,0.22703077179412978,3.9418380855073316,0.20054428519259307,1.339811419142359,0.8692353404026437,-0.6774332253620566,-0.8916612990178997,-0.4597094549511817,-0.7935334311628071,-0.8733300284050844
128,209.39,1005.04,49.34,76.85,54.9493,0.995,0,2710.9950106505503,0.20833996656849477,4.0244459235089804,-0.9957683121396887,0.5646238131411512,0.5027820102563552,-1.269939427924053,-0.6904826379103552,-0.39711146466576097,-1.0390889979060942,-0.6109092729447838
129,234.48,1136.72,59.39,83.92,41.3887,0.9973,0,2458.0280184667927,0.20627771130973324,3.7468818172839997,-0.38939491684540684,1.319126762052668,1.6572823136952899,-0.7889958168892293,-1.305460513029258,-0.6723801616381248,-1.0661824405224651,-1.49264863577339
130,275.34,933.28,56.39,90.88,57.567,0.9951,0,3246.3028319928144,0.2950240013715069,4.070171398028381,0.5981067544070582,0.1534517929870624,1.3126553574448616,-0.3155350626031803,-0.5717690423689522,0.1853893793691043,0.09974622276457086,-0.46565291643630885
131,280.81,1011.3,32.17,116.15,74.3156,0.996,0,2390.6354109028593,0.2776723029763671,4.321687284663575,0.7303053383950907,0.6004924982883724,-1.4696329360169302,1.403481210501485,0.18778572948601419,-0.7457141373855145,-0.1282164616645259,0.33333892958873235
132,299.53,831.19,37.49,112.25,85.6312,0.9979,0,3210.3594945085174,0.36036285325858103,4.461660027820424,1.1827290115680258,-0.43150572565188544,-0.8584944669328372,1.138179925772233,0.7009520822798034,0.14627725810486755,0.9581532636490855,0.7779910823582772
133,307.44,998.12,48.13,77.9,82.1526,0.9956,0,3954.031782575375,0.3080190758626217,4.420677473941419,1.373897347828599,0.524973445534319,0.3637824712353489,-1.1985121589584844,0.5431963755715002,0.9555120912483048,0.2704725688483853,0.6478015869086274
134,251.48,931.71,37.93,96.03,74.0956,0.9953,0,2810.708234622826,0.26991231177082997,4.318761968505111,0.021459914561639454,0.14445597259071496,-0.8079491800161079,0.03479868518031921,0.17780865380159327,-0.2886074697500001,-0.2301654689649243,0.32404606229145405
135,300.81,928.16,45.73,105.15,67.3931,0.9954,0,3082.195233691077,0.3240928288226168,4.225271942347076,1.2136639635798512,0.1241151048155332,0.08808090623500553,0.6551955356241084,-0.12615202699309472,0.006813967779560971,0.4816458955261332,0.02705580221582904
136,247.54,1034.25,30.2,113.39,69.8874,0.9976,0,2110.790358350663,0.23934251873338167,4.2610927026532055,-0.07376173459975828,0.7319919110884889,-1.6959379706213786,1.2157295320777066,-0.013034663903771495,-1.0502304788465717,-0.6317844877239502,0.14084780074881556
137,202.83,747.77,33.69,82.15,97.9968,0.9992,0,3301.8442638912793,0.2712465062786686,4.59508752637986,-1.1543099412002895,-0.9094874692591056,-1.295021944850047,-0.9094017845740433,1.2617362962946919,0.24582737349113495,-0.21263712363345869,1.2018509220316798
138,188.97,694.0,55.02,80.11,61.775,0.9984,0,3398.964751996265,0.2722910662824207,4.139556905043649,-1.4892774684533288,-1.217579993279247,1.1552757140904995,-1.0481747642785755,-0.3809347947323917,0.35151005556437315,-0.19891393083238387,-0.24523560968414482
139,307.94,658.11,45.51,107.09,96.0157,0.9973,0,4369.368736423753,0.46791569798361976,4.57487282107627,1.385981313458218,-1.4232233015753766,0.06280826277664091,0.7871659182843,1.1718927297564814,1.4074653722015131,2.371158183580905,1.1376347608839987
140,277.83,736.34,41.88,89.44,100.7315,0.9518,1,4218.605895046443,0.3773121112529538,4.622336989609956,0.6582849032425611,-0.9749793336732809,-0.3541903542863769,-0.41349246004167317,1.3857558820864462,1.2434111984157208,1.1808287772207586,1.2884144358545067
141,316.47,1189.16,49.31,100.01,53.9672,0.9976,0,2661.0242201586293,0.2661290322580645,4.006736643700584,1.592133767099519,1.6195986229345025,0.4993357406938507,0.3055420475450431,-0.7350212107724909,-0.45148770666731836,-0.2798693385248741,-0.6671664356838037
142,253.21,1092.64,31.73,119.48,61.1245,0.9689,1,1939.5837813911533,0.231741470200615,4.129140436094667,0.06327043564012166,1.0665562123259094,-1.52017822293366,1.630007692078,-0.41043519351746366,-1.2365307188340438,-0.7316453421801732,-0.27832566163255773
143,294.47,1095.26,32.63,116.19,70.9216,0.9954,0,2313.955898724166,0.2688585358727608,4.275576636856951,1.0604392793962827,1.0815683457261833,-1.416790136058531,1.4062022493192206,0.033866661881810874,-0.829153756205715,-0.24400973809870613,0.18685899106356962
144,221.69,1070.3,48.75,84.95,50.0131,0.9976,0,2438.2441716379158,0.20712884238064094,3.932082462485837,-0.6985027576510608,0.9385519908899783,0.43500537552710383,-0.7189290673325294,-0.9143410060623491,-0.6939081629424604,-1.0550004732414135,-0.9043207676038927
145,223.88,951.85,56.94,94.71,43.6159,0.9972,0,2483.4244204225897,0.23520512685822345,3.7980902977363455,-0.6455749881933297,0.2598545858279411,1.375836966090773,-0.05499559580496652,-1.204456226827702,-0.6447447993570236,-0.6861406053164726,-1.3299743853468093
146,265.36,775.04,47.42,117.83,61.2761,0.9983,0,2905.7313812611815,0.342382328654005,4.131577724581165,0.3569108004398637,-0.7532352258142618,0.28222075825608073,1.517764840846393,-0.40356008136401716,-0.18520703188436188,0.7219292028706508,-0.27058311441943733
147,258.27,881.86,37.42,87.41,89.5378,0.9983,0,3350.527588289827,0.2928696164924137,4.5057674430600665,0.18556016781186538,-0.1411756495480997,-0.8665357625786806,-0.5515851800417709,0.8781177362287071,0.2988026457026828,0.07144240205794186,0.9181073414032971
148,298.28,1059.34,49.03,117.28,48.964,0.998,0,2400.8487768298473,0.2815715445466045,3.911302746103663,1.152519097493978,0.8757531427727985,0.46717055811047725,1.4803505571025244,-0.9619180519738311,-0.7346003556776556,-0.07698910885174189,-0.9703318024302984
149,222.42,932.82,43.94,70.73,76.73,0.9999,0,3371.1053854558904,0.23843828391329513,4.353241283242128,-0.6808601678318174,0.15081607490915203,-0.11754651099441664,-1.6862583670376474,0.29727960008813203,0.32119459242887566,-0.6436641200369995,0.4335766835971574
150,226.76,1166.96,30.7,77.28,81.9074,0.9991,0,2514.452089490614,0.19431685747583463,4.417724322331143,-0.5759713461667243,1.4923965765657623,-1.6385001445796405,-1.2406882606333913,0.5320764712177725,-0.6109817144552567,-1.2233214297987716,0.6384202945845021
151,317.31,1156.58,53.79,70.65,72.1978,0.9989,0,3883.2550422563277,0.27435196873540957,4.2931653658708075,1.6124348293572783,1.4329210251555131,1.0139786620278235,-1.691700444673119,0.09174277092025648,0.8784956357993537,-0.17183826107192748,0.24273319945661048
152,268.62,1163.04,46.64,118.34,41.8444,0.9726,1,1951.6958035044004,0.2309636813867107,3.7575749480552347,0.4356982563449794,1.469935674684435,0.19261774963096923,1.5524580857725265,-1.2847943612593007,-1.2233508943991147,-0.7418637554961983,-1.4586797107524099
153,279.36,1099.92,37.75,109.46,61.471,0.997,0,2320.318909096085,0.2539821077896574,4.134702449061045,0.695261838069196,1.1082693158198023,-0.8286267973911337,0.9483874682351524,-0.39472129931450073,-0.8222297794497776,-0.4394528816638652,-0.2606567856538897
154,228.1,879.25,32.5,104.4,76.4685,0.9993,0,2484.91998906243,0.2594256468581177,4.349871402122552,-0.5435863182793452,-0.15613048472928945,-1.4317239708293834,0.6041760577915599,0.28542048512687723,-0.6431173805891928,-0.36793689800727675,0.4228715644389389
155,300.96,779.81,46.47,88.71,93.6133,0.9971,0,4350.582402344332,0.38594016491196576,4.5497980581418815,1.2172891532687362,-0.7259039753107084,0.1730888887767781,-0.4631514184653539,1.0629430632826047,1.387022824902009,1.2941821924724655,1.0579796289811536
156,286.3,797.76,39.7,76.7,117.8716,0.977,1,4679.007348345903,0.3588798636181308,4.77804391898439,0.8629872810083077,-0.6230536720531008,-0.6046192758283548,-1.280143323490562,2.16306531362528,1.7444018890978634,0.938670081558261,1.7830494611172063
157,191.75,978.84,48.45,110.68,36.531,0.9461,2,1769.923574155476,0.1958951411875281,3.625167258142335,-1.422090619552647,0.41450247913840454,0.40054267990206127,1.0313791521760989,-1.5257588791756744,-1.4211482603190657,-1.2025862957781654,-1.879299918909932
158,208.62,1069.23,45.36,91.27,47.1321,0.996,0,2137.749212056966,0.19511237058443928,3.8739493141936365,-1.0143776192093015,0.9324210814478818,0.045576914964119655,-0.28900493413025513,-1.0449953471842433,-1.0208949182363087,-1.2128701587124295,-1.0889926469456623
159,290.74,768.46,46.05,88.05,93.3012,0.9973,0,4296.889242248445,0.37834109777997554,4.54649391490309,0.9702928957993244,-0.7909374539722032,0.12484111490171793,-0.5080485589579963,1.048789220913933,1.3285960472092617,1.194347369210979,1.047483339696166
160,314.22,1108.67,32.26,88.16,99.6461,0.965,1,3214.8443196854128,0.283420675223466,4.611610403197964,1.5377559217662335,1.158405257519193,-1.4592941273294178,-0.5005657022092226,1.3365326186870352,0.15115746785846285,-0.05269564873284034,1.2543392321227596
161,302.24,725.15,34.76,100.91,118.8366,0.9897,1,4130.378801475832,0.4167965248569262,4.786129148204892,1.2482241052805616,-1.0390960408294163,-1.1721049971207276,0.36676542094410064,2.206828395604672,1.1474059572765953,1.6995660623727096,1.8087338515024307
162,216.71,1197.4,48.75,99.78,37.2062,0.9488,2,1813.8284047855007,0.18098379822949723,3.642997806107636,-0.8188590553220659,1.6668123554605574,0.43500537552710383,0.2898960743430613,-1.495138326893306,-1.3733727564322182,-1.3984881430640623,-1.8226575229761217
163,245.67,827.08,56.28,84.93,62.1424,0.9972,0,3497.3853190313257,0.2970329351453305,4.145392493177173,-0.11895576605453348,-0.4550552936958279,1.3000190357156791,-0.7202895867413971,-0.3642730783394086,0.45860743221872485,0.12613913978584523,-0.22669766602649744
164,313.54,1062.43,31.04,84.31,112.7671,0.996,0,3500.3666649152924,0.2951159135190083,4.734153376203017,1.5213217285099514,0.8934582924700698,-1.5994424228712585,-0.762465688416304,1.9315744825747039,0.4618516151440106,0.10095374374602847,1.6436221419562733
165,255.65,668.04,37.1,111.02,92.9072,0.9959,0,3447.0065345805583,0.3826866654691336,4.542307060590956,0.12224018791266236,-1.366326170023954,-0.903295971245393,1.0545079821268533,1.0309211853700158,0.4037872272935673,1.2514384535088878,1.0341829374804534
166,243.82,673.61,53.54,101.62,66.5239,0.9993,0,3561.899081643311,0.36196018467659324,4.212481609283126,-0.16366643888412366,-1.3344110619935987,0.9852597490069543,0.4150638599589137,-0.16557054601536172,0.5288087625096175,0.9791386421221803,-0.013575316409545915
167,257.91,844.41,56.73,83.05,64.8292,0.9989,0,3677.6904907958606,0.3054321952605962,4.1870635088918915,0.17685971255854074,-0.3557574800214922,1.351713079153243,-0.8481784111749857,-0.24242577402621693,0.6548084039761324,0.2364867172673965,-0.094321130225667
168,201.64,1071.63,44.27,83.95,50.6238,0.9976,0,2241.357461406348,0.1881619588850629,3.94398280645898,-1.1830697793987834,0.9461726540282867,-0.0796375458068689,-0.7869550377759272,-0.8866455509692769,-0.908152510431282,-1.304183093780563,-0.8665168820257795
169,209.35,1150.63,38.71,108.29,43.406,0.9971,0,1680.153335472303,0.18194380469829569,3.7933745954433844,-0.9967350293900581,1.3988285847999284,-0.7183461713909964,0.8687970828163778,-1.21397526403752,-1.5188326910659231,-1.385875795459064,-1.3449547817375251
170,296.92,746.25,57.7,106.13,64.9759,0.9972,0,3749.012975300827,0.3978827470686767,4.189289523827226,1.1196507109814156,-0.9181967985600283,1.4631424616742155,0.7218609866586375,-0.23577287855846915,0.7324187167091556,1.4510811325912851,-0.08724973681884962
171,195.18,1034.06,55.39,86.76,39.2756,0.9846,1,2175.5548213197367,0.18875113629770035,3.6957458265312138,-1.3391946153334604,0.7309032449258732,1.1977797053613854,-0.595802060829979,-1.4012903249781214,-0.9797563463215598,-1.2964426143455676,-1.6550926077883603
172,274.87,654.08,59.11,112.95,62.9409,0.9998,0,3720.576489432572,0.420239114481409,4.157959219228599,0.586747826715217,-1.4463144838666386,1.6251171311119166,1.1857981050826116,-0.3280608286393627,0.7014752550983957,1.744794025325585,-0.18677688097929698
173,288.44,974.59,52.96,97.22,57.4753,0.9962,0,3044.233208789465,0.2959603525585118,4.068604442854688,0.9147066539030767,0.39015073602727196,0.9186318707985385,0.11574959000796255,-0.575927668915595,-0.03449480946007341,0.11204779263382275,-0.47063067121600477
174,200.16,715.23,58.0,106.71,45.2131,0.9982,0,2622.5661415838795,0.27985403296841577,3.8332633076786005,-1.2188383176624553,-1.095935874161754,1.4976051572992581,0.7613160495158082,-1.1320226573588061,-0.49333626993616636,-0.09955338705586408,-1.2182400988173039
175,203.01,782.22,47.35,109.77,49.9365,0.981,1,2364.3123517190606,0.25953056684820125,3.9305797589065326,-1.1499597135736273,-0.7120951045112185,0.2741794626102374,0.969475519072606,-0.9178148424142883,-0.7743578514894762,-0.36655848293544613,-0.909094414004203
176,311.03,754.66,54.05,111.23,68.5551,0.9995,0,3705.3480806703183,0.41214586701295947,4.242119244221664,1.460660221049263,-0.8700089963095283,1.043846331569527,1.0687934359199673,-0.07345492724174447,0.6849043017073576,1.6384667727049704,0.08057471509802833
177,306.65,1038.82,55.48,112.77,47.1813,0.9965,0,2617.6349839242384,0.29519069713713636,3.8749709789729834,1.3548046821338005,0.7581771972103417,1.208118514048898,1.1735534304027997,-1.0427641102584546,-0.49870216108195137,0.10193623398713195,-1.0857471190428738
178,253.84,1034.13,34.88,70.37,99.9941,0.9986,0,3488.167817743495,0.24546236933460974,4.615062099293404,0.0784962323334415,0.7313043324594694,-1.1583199188707098,-1.7107477163972706,1.3523145384060284,0.4485773111071171,-0.5513832762925819,1.2653042533470975
179,212.15,1123.95,43.73,109.83,39.2995,0.9385,2,1718.6010027257141,0.1887539481293652,3.69633906192778,-0.9290648218641914,1.2459569362811003,-0.14167039793194672,0.9735570772992099,-1.4002064517560409,-1.4769954569860493,-1.2964056731378608,-1.6532080737695718
180,319.04,668.32,49.3,116.32,83.2478,0.9677,1,4103.989917933374,0.47737610725401003,4.433762456131883,1.6542453504357606,-1.364721819889573,0.4981869841730154,1.415045625476862,0.5928640723423081,1.11869061570345,2.4954468983778466,0.6893687189710553
181,314.2,1192.24,37.93,99.04,70.1597,0.9952,0,2660.9202622841494,0.26353754277662217,4.264926646937146,1.5372725631410478,1.6372464744126876,-0.8079491800161079,0.2395568562149472,-0.0006857652270995173,-0.4516008295233916,-0.3139157405200145,0.15302711181327155
182,217.09,805.71,47.79,96.82,58.2231,0.9777,1,2782.889655552406,0.26943937645058397,4.081311668483386,-0.8096752414435556,-0.5775015878805113,0.3247247495269666,0.088539201830603,-0.5420146816573677,-0.31887854957046363,-0.23637878611172367,-0.43026356041931463
183,221.81,621.74,40.47,94.76,93.0234,0.9959,0,3764.846387681744,0.3567568436967221,4.543543687460749,-0.6956026058999522,-1.6316169243875869,-0.5161650237240787,-0.05159429728279585,1.0361908953451504,0.7496480111601691,0.9107783265634687,1.0381113365917713
184,319.41,951.03,55.39,79.39,76.37,0.9953,0,4230.468737008877,0.3358569130311347,4.348599108561364,1.6631874850016788,0.2551561318629693,1.1977797053613854,-1.097153462997822,0.2809534762408978,1.2563198748450004,0.6361997700203348,0.4188298627606092
185,284.3,950.12,30.94,104.4,92.6232,0.997,0,2866.143304665045,0.2992253610070307,4.539278216018389,0.8146514184898317,0.24994199392623284,-1.610929988079606,0.6041760577915599,1.0180416876683085,-0.22828521440212166,0.1549427343080352,1.0245611909230747
186,319.37,1102.54,42.53,108.25,62.9229,0.9975,0,2675.912194520727,0.2896674950568687,4.157677669640382,1.6622207677513088,1.1232814492200762,-0.2795211804321176,0.8660760439986415,-0.3288771348317244,-0.43528720055450637,0.02937365572016188,-0.18767128104382771
187,272.0,911.77,31.08,74.07,129.5786,0.9958,0,4027.5529696177887,0.2983208484595896,4.871975344304168,0.5173858640012038,0.03020332373518884,-1.5948473967879195,-1.4590516257566992,2.6939817910685337,1.0355149453057446,0.14305945327589029,2.0814419162421904
188,317.82,996.84,40.2,114.16,69.4647,0.9535,1,2792.8126741751307,0.3188274948838329,4.255111875201643,1.6247604742994894,0.5176392734914369,-0.5471814497866168,1.2681095293191227,-0.03220425432106601,-0.3080807123398825,0.41247113051079537,0.12184847458214597
189,266.17,797.55,48.41,92.07,74.8774,0.9972,0,3624.7915944001343,0.33373456209642033,4.329118879851407,0.3764868247598465,-0.6242569346538864,0.39594765381872155,-0.234584157775537,0.21326355275650324,0.5972459126944631,0.6083168040212483,0.35694691728872574
190,262.47,705.74,36.99,93.05,108.0591,0.9956,0,3996.8565432144524,0.37190750134610484,4.691889937125702,0.28706547910066615,-1.1503118840734359,-0.9159322929745752,-0.16791870674100678,1.7180650629280958,1.0021123055984404,1.1098242360743733,1.509363651729256
191,197.18,1181.83,47.87,88.44,39.4116,0.8877,2,1886.510028891292,0.16684294695514584,3.6991168724664156,-1.2908587528149844,1.5775990283451835,0.3339148016936445,-0.48151843048507104,-1.3951226781913884,-1.294283481627136,-1.584267445078479,-1.6443837883541874
192,270.74,725.72,39.8,104.93,89.3385,0.9988,0,3555.3606368256283,0.37306399162211323,4.503563726147942,0.4869342706145641,-1.03583004234157,-0.5931317106200079,0.6402298221265609,0.8690794126655018,0.5216938849137222,1.1250179434470686,0.9111067822446287
193,216.0,962.17,45.32,81.29,60.9422,0.9648,1,2761.625701697607,0.2244925532909985,4.1262016921577604,-0.8360182865161251,0.3189863479236792,0.04098188888078071,-0.9679041191553654,-0.4187025612323269,-0.3420171449245925,-0.826879971107478,-0.28766118502456206
194,238.31,674.22,37.44,103.26,91.4364,0.9953,0,3423.012733480968,0.35346029485924474,4.526520840467827,-0.2968317401225249,-1.3309158706294124,-0.8642382495370114,0.5266264514860862,0.9642198993852599,0.37767811990733363,0.8674690144010667,0.984034768604621
195,192.87,691.21,32.22,86.59,99.9998,0.9979,0,3222.455496084309,0.2790324214059403,4.615118536641279,-1.3950225365423004,-1.2335661964039668,-1.4638891534127567,-0.6073664758053567,1.3525730353669425,0.15943964962322454,-0.11034753371947545,1.265483538168294
196,254.39,709.21,48.99,83.98,87.1975,0.995,0,4271.1941635974445,0.3586948858589134,4.4795786179398265,0.09178859452602199,-1.1304294020509347,0.4625755320271383,-0.7849142586626252,0.7719843261184784,1.3006356767364002,0.9362398856436821,0.8349131622682142
197,207.4,855.73,33.27,109.19,66.7144,0.9952,0,2219.6736596614855,0.2423661668984376,4.215298860402052,-1.043862495345572,-0.2908958960172516,-1.3432697187251064,0.9300204562154353,-0.1569313054795336,-0.9317479676891188,-0.5920604828007016,-0.004625739894358974
198,227.23,705.27,32.74,83.59,117.742,0.9997,0,3854.392455243974,0.32218866533384377,4.776953072224344,-0.5646124184748824,-1.153004900370432,-1.4041538143293488,-0.8114443871355504,2.157187909040276,0.8470885077406433,0.45662942678586504,1.7795841624507878
199,291.98,951.07,36.7,84.28,99.2577,0.9976,0,3642.6386768563007,0.30700158768544905,4.607743871217147,1.0002611305607798,0.2553853247393098,-0.9492462320787832,-0.764506467529606,1.3189185450696301,0.616666403447259,0.25710503957481745,1.242056399549449
